{
    "loss": 3.701439380645752,
    "accuracy": 0.5467625856399536
}