{
    "loss": 1.0546860694885254,
    "accuracy": 0.9424460530281067
}