{
    "loss": 18.622713088989258,
    "accuracy": 0.5467625856399536
}